Workbook

Sheet indian_food_nutrition_500
A1: Food id | B1: Food name | C1: Dietary type | D1: Main source nutrient | E1: Protein value (g/100g) | F1: Fat value (g/100g) | G1: Fibre value (g/100g) | H1: Carb value (g/100g)
A2: F001 | B2: Rice, white, cooked | C2: Veg | D2: Carb | E2: 2.7 | F2: 0.3 | G2: 0.4 | H2: 28.2
A3: F002 | B3: Brown rice, cooked | C3: Veg | D3: Carb | E3: 2.6 | F3: 0.9 | G3: 1.8 | H3: 23
A4: F003 | B4: Ragi flour | C4: Veg | D4: Carb | E4: 7.3 | F4: 1.3 | G4: 11.5 | H4: 72
A5: F004 | B5: Bajra flour | C5: Veg | D5: Carb | E5: 11 | F5: 5 | G5: 11 | H5: 67
A6: F005 | B6: Jowar flour | C6: Veg | D6: Carb | E6: 10.4 | F6: 3.1 | G6: 6.6 | H6: 72.6
A7: F006 | B7: Wheat flour | C7: Veg | D7: Carb | E7: 13.7 | F7: 1.9 | G7: 12.2 | H7: 72.6
A8: F007 | B8: Oats, dry | C8: Veg | D8: Carb | E8: 13.2 | F8: 6.5 | G8: 10.1 | H8: 67.7
A9: F008 | B9: Poha, dry | C9: Veg | D9: Carb | E9: 7 | F9: 1 | G9: 1 | H9: 77
A10: F009 | B10: Semolina/rava | C10: Veg | D10: Carb | E10: 12.7 | F10: 1.1 | G10: 3.9 | H10: 72.8
A11: F010 | B11: Quinoa, cooked | C11: Veg | D11: Protein | E11: 4.4 | F11: 1.9 | G11: 2.8 | H11: 21.3
A12: F011 | B12: Chickpeas, cooked | C12: Veg | D12: Protein | E12: 8.9 | F12: 2.6 | G12: 7.6 | H12: 27.4
A13: F012 | B13: Rajma, cooked | C13: Veg | D13: Protein | E13: 8.7 | F13: 0.5 | G13: 6.4 | H13: 22.8
... A501: F500 | B501: Egg, whole (lightly cooked) | C501: Non-veg | D501: Protein | E501: 12.6 | F501: 10.6 | G501: 0 | H501: 1.1

Sheet User
A1: User_ID | B1: Name | C1: Age | D1: Height_cm | E1: Weight_kg | F1: Gender | G1: Calorie_Deficit_Opted | H1: BMI | I1: BMR | J1: Activity_level | K1: Activity Desc | L1: Activity Factor | M1: TDEE | N1: Daily_Calorie_Target | O1: Daily_Protein_Target_g | P1: Daily_Fibre_Target_g | Q1: Daily_Fat_Target_g | R1: Daily_Carb_Target_g
A2: HM001 | B2: Abilasha | C2: 30 | D2: 152 | E2: 60 | F2: F | G2: Y | H2: =E2/(D2/100 * D2/100) -> 25.969529 | I2: =IF(F2="F",(10*E2)+(6.25*D2)-(5*C2)-161,(10*E2)+(6.25*D2)-(5*C2)+5) -> 1239 | J2: Moderately active | K2: exercise 3–5 days/week | L2: 1.55 | M2: =I2*L2 -> 1920.45 | N2: =IF(G2="Y",M2-(M2*20/100),M2) -> 1536.36 | O2: =IF(OR(LOWER(TRIM(J2))="Lightly active",LOWER(TRIM(J2))="Moderately active"),(N2*25%)/4,IF(OR(LOWER(TRIM(J2))="Very active",LOWER(TRIM(J2))="Extremely active"),(N2*35%)/4,IF(LOWER(TRIM(J2))="Sedentary",(N2*30%)/4,0))) -> 96.0225 | P2: =N2/1000*14 -> 21.50904 | Q2: =IF(OR(LOWER(TRIM(J3))="Lightly active",LOWER(TRIM(J3))="Moderately active"),(N3*25%)/9,IF(OR(LOWER(TRIM(J3))="Very active",LOWER(TRIM(J3))="Extremely active"),(N3*35%)/9,IF(LOWER(TRIM(J3))="Sedentary",(N3*30%)/9,0))) -> 37.858333 | R2: =IF(OR(LOWER(TRIM(J3))="Lightly active",LOWER(TRIM(J3))="Moderately active"),(N3*25%)/4,IF(OR(LOWER(TRIM(J3))="Very active",LOWER(TRIM(J3))="Extremely active"),(N3*35%)/4,IF(LOWER(TRIM(J3))="Sedentary",(N3*30%)/4,0))) -> 85.18125
A3: HM002 | B3: Sindhu | C3: 30 | D3: 152 | E3: 60 | F3: F | G3: Y | H3: =E3/(D3/100 * D3/100) -> 25.969529 | I3: =IF(F3="F",(10*E3)+(6.25*D3)-(5*C3)-161,(10*E3)+(6.25*D3)-(5*C3)+5) -> 1239 | J3: Lightly active | K3: exercise 1–3 days/week | L3: 1.375 | M3: =I3*L3 -> 1703.625 | N3: =IF(G3="Y",M3-(M3*20/100),M3) -> 1362.9 | O3: =IF(OR(LOWER(TRIM(J3))="Lightly active",LOWER(TRIM(J3))="Moderately active"),(N3*25%)/4,IF(OR(LOWER(TRIM(J3))="Very active",LOWER(TRIM(J3))="Extremely active"),(N3*35%)/4,IF(LOWER(TRIM(J3))="Sedentary",(N3*30%)/4,0))) -> 85.18125 | P3: =N3/1000*14 -> 19.0806 | Q3: =IF(OR(LOWER(TRIM(J4))="Lightly active",LOWER(TRIM(J4))="Moderately active"),(N4*25%)/9,IF(OR(LOWER(TRIM(J4))="Very active",LOWER(TRIM(J4))="Extremely active"),(N4*35%)/9,IF(LOWER(TRIM(J4))="Sedentary",(N4*30%)/9,0))) -> 54.293056 | R3: =IF(OR(LOWER(TRIM(J4))="Lightly active",LOWER(TRIM(J4))="Moderately active"),(N4*25%)/4,IF(OR(LOWER(TRIM(J4))="Very active",LOWER(TRIM(J4))="Extremely active"),(N4*35%)/4,IF(LOWER(TRIM(J4))="Sedentary",(N4*30%)/4,0))) -> 122.15937
A4: HM003 | B4: Sundar | C4: 28 | D4: 165 | E4: 68 | F4: M | G4: Y | H4: =E4/(D4/100 * D4/100) -> 24.977043 | I4: =IF(F4="F",(10*E4)+(6.25*D4)-(5*C4)-161,(10*E4)+(6.25*D4)-(5*C4)+5) -> 1576.25 | J4: Moderately active | K4: exercise 3–5 days/week | L4: 1.55 | M4: =I4*L4 -> 2443.1875 | N4: =IF(G4="Y",M4-(M4*20/100),M4) -> 1954.55 | O4: =IF(OR(LOWER(TRIM(J4))="Lightly active",LOWER(TRIM(J4))="Moderately active"),(N4*25%)/4,IF(OR(LOWER(TRIM(J4))="Very active",LOWER(TRIM(J4))="Extremely active"),(N4*35%)/4,IF(LOWER(TRIM(J4))="Sedentary",(N4*30%)/4,0))) -> 122.15937 | P4: =N4/1000*14 -> 27.3637 | Q4: =IF(OR(LOWER(TRIM(J5))="Lightly active",LOWER(TRIM(J5))="Moderately active"),(N5*25%)/9,IF(OR(LOWER(TRIM(J5))="Very active",LOWER(TRIM(J5))="Extremely active"),(N5*35%)/9,IF(LOWER(TRIM(J5))="Sedentary",(N5*30%)/9,0))) -> 84.592083 | R4: =IF(OR(LOWER(TRIM(J5))="Lightly active",LOWER(TRIM(J5))="Moderately active"),(N5*25%)/4,IF(OR(LOWER(TRIM(J5))="Very active",LOWER(TRIM(J5))="Extremely active"),(N5*35%)/4,IF(LOWER(TRIM(J5))="Sedentary",(N5*30%)/4,0))) -> 190.33219
A5: HM004 | B5: Sanjay | C5: 28 | D5: 165 | E5: 68 | F5: M | G5: Y | H5: =E5/(D5/100 * D5/100) -> 24.977043 | I5: =IF(F5="F",(10*E5)+(6.25*D5)-(5*C5)-161,(10*E5)+(6.25*D5)-(5*C5)+5) -> 1576.25 | J5: Very active | K5: exercise 6–7 days/week | L5: 1.725 | M5: =I5*L5 -> 2719.0312 | N5: =IF(G5="Y",M5-(M5*20/100),M5) -> 2175.225 | O5: =IF(OR(LOWER(TRIM(J5))="Lightly active",LOWER(TRIM(J5))="Moderately active"),(N5*25%)/4,IF(OR(LOWER(TRIM(J5))="Very active",LOWER(TRIM(J5))="Extremely active"),(N5*35%)/4,IF(LOWER(TRIM(J5))="Sedentary",(N5*30%)/4,0))) -> 190.33219 | P5: =N5/1000*14 -> 30.45315 | Q5: =IF(OR(LOWER(TRIM(J6))="Lightly active",LOWER(TRIM(J6))="Moderately active"),(N6*25%)/9,IF(OR(LOWER(TRIM(J6))="Very active",LOWER(TRIM(J6))="Extremely active"),(N6*35%)/9,IF(LOWER(TRIM(J6))="Sedentary",(N6*30%)/9,0))) -> 50.687778 | R5: =IF(OR(LOWER(TRIM(J6))="Lightly active",LOWER(TRIM(J6))="Moderately active"),(N6*25%)/4,IF(OR(LOWER(TRIM(J6))="Very active",LOWER(TRIM(J6))="Extremely active"),(N6*35%)/4,IF(LOWER(TRIM(J6))="Sedentary",(N6*30%)/4,0))) -> 114.0475
A6: HM005 | B6: Manudheeran | C6: 5 | D6: 110 | E6: 19 | F6: M | G6: Y | H6: =E6/(D6/100 * D6/100) -> 15.702479 | I6: =IF(F6="F",(10*E6)+(6.25*D6)-(5*C6)-161,(10*E6)+(6.25*D6)-(5*C6)+5) -> 857.5 | J6: Extremely active | K6: very hard training/physical job | L6: 1.9 | M6: =I6*L6 -> 1629.25 | N6: =IF(G6="Y",M6-(M6*20/100),M6) -> 1303.4 | O6: =IF(OR(LOWER(TRIM(J6))="Lightly active",LOWER(TRIM(J6))="Moderately active"),(N6*25%)/4,IF(OR(LOWER(TRIM(J6))="Very active",LOWER(TRIM(J6))="Extremely active"),(N6*35%)/4,IF(LOWER(TRIM(J6))="Sedentary",(N6*30%)/4,0))) -> 114.0475 | P6: =N6/1000*14 -> 18.2476 | Q6: =IF(OR(LOWER(TRIM(J7))="Lightly active",LOWER(TRIM(J7))="Moderately active"),(N7*25%)/9,IF(OR(LOWER(TRIM(J7))="Very active",LOWER(TRIM(J7))="Extremely active"),(N7*35%)/9,IF(LOWER(TRIM(J7))="Sedentary",(N7*30%)/9,0))) -> 28.804167 | R6: =IF(OR(LOWER(TRIM(J7))="Lightly active",LOWER(TRIM(J7))="Moderately active"),(N7*25%)/4,IF(OR(LOWER(TRIM(J7))="Very active",LOWER(TRIM(J7))="Extremely active"),(N7*35%)/4,IF(LOWER(TRIM(J7))="Sedentary",(N7*30%)/4,0))) -> 64.809375
A7: HM006 | B7: Mathimei | C7: 5 | D7: 108 | E7: 18 | F7: F | G7: N | H7: =E7/(D7/100 * D7/100) -> 15.432099 | I7: =IF(F7="F",(10*E7)+(6.25*D7)-(5*C7)-161,(10*E7)+(6.25*D7)-(5*C7)+5) -> 669 | J7: Moderately active | K7: little/no exercise | L7: 1.55 | M7: =I7*L7 -> 1036.95 | N7: =IF(G7="Y",M7-(M7*20/100),M7) -> 1036.95 | O7: =IF(OR(LOWER(TRIM(J7))="Lightly active",LOWER(TRIM(J7))="Moderately active"),(N7*25%)/4,IF(OR(LOWER(TRIM(J7))="Very active",LOWER(TRIM(J7))="Extremely active"),(N7*35%)/4,IF(LOWER(TRIM(J7))="Sedentary",(N7*30%)/4,0))) -> 64.809375 | P7: =N7/1000*14 -> 14.5173 | Q7: =IF(OR(LOWER(TRIM(J8))="Lightly active",LOWER(TRIM(J8))="Moderately active"),(N8*25%)/9,IF(OR(LOWER(TRIM(J8))="Very active",LOWER(TRIM(J8))="Extremely active"),(N8*35%)/9,IF(LOWER(TRIM(J8))="Sedentary",(N8*30%)/9,0))) -> 36.651042 | R7: =IF(OR(LOWER(TRIM(J8))="Lightly active",LOWER(TRIM(J8))="Moderately active"),(N8*25%)/4,IF(OR(LOWER(TRIM(J8))="Very active",LOWER(TRIM(J8))="Extremely active"),(N8*35%)/4,IF(LOWER(TRIM(J8))="Sedentary",(N8*30%)/4,0))) -> 82.464844
A8: HM007 | B8: Oviyan | C8: 5 | D8: 109 | E8: 19 | F8: M | G8: N | H8: =E8/(D8/100 * D8/100) -> 15.99192 | I8: =IF(F8="F",(10*E8)+(6.25*D8)-(5*C8)-161,(10*E8)+(6.25*D8)-(5*C8)+5) -> 851.25 | J8: Moderately active | K8: little/no exercise | L8: 1.55 | M8: =I8*L8 -> 1319.4375 | N8: =IF(G8="Y",M8-(M8*20/100),M8) -> 1319.4375 | O8: =IF(OR(LOWER(TRIM(J8))="Lightly active",LOWER(TRIM(J8))="Moderately active"),(N8*25%)/4,IF(OR(LOWER(TRIM(J8))="Very active",LOWER(TRIM(J8))="Extremely active"),(N8*35%)/4,IF(LOWER(TRIM(J8))="Sedentary",(N8*30%)/4,0))) -> 82.464844 | P8: =N8/1000*14 -> 18.472125 | Q8: =IF(OR(LOWER(TRIM(J9))="Lightly active",LOWER(TRIM(J9))="Moderately active"),(N9*25%)/9,IF(OR(LOWER(TRIM(J9))="Very active",LOWER(TRIM(J9))="Extremely active"),(N9*35%)/9,IF(LOWER(TRIM(J9))="Sedentary",(N9*30%)/9,0))) -> 38.808 | R8: =IF(OR(LOWER(TRIM(J9))="Lightly active",LOWER(TRIM(J9))="Moderately active"),(N9*25%)/4,IF(OR(LOWER(TRIM(J9))="Very active",LOWER(TRIM(J9))="Extremely active"),(N9*35%)/4,IF(LOWER(TRIM(J9))="Sedentary",(N9*30%)/4,0))) -> 87.318
A9: HM008 | B9: Vijaya | C9: 55 | D9: 155 | E9: 68 | F9: F | G9: Y | H9: =E9/(D9/100 * D9/100) -> 28.30385 | I9: =IF(F9="F",(10*E9)+(6.25*D9)-(5*C9)-161,(10*E9)+(6.25*D9)-(5*C9)+5) -> 1212.75 | J9: Sedentary | K9: little/no exercise | L9: 1.2 | M9: =I9*L9 -> 1455.3 | N9: =IF(G9="Y",M9-(M9*20/100),M9) -> 1164.24 | O9: =IF(OR(LOWER(TRIM(J9))="Lightly active",LOWER(TRIM(J9))="Moderately active"),(N9*25%)/4,IF(OR(LOWER(TRIM(J9))="Very active",LOWER(TRIM(J9))="Extremely active"),(N9*35%)/4,IF(LOWER(TRIM(J9))="Sedentary",(N9*30%)/4,0))) -> 87.318 | P9: =N9/1000*14 -> 16.29936 | Q9: =IF(OR(LOWER(TRIM(J10))="Lightly active",LOWER(TRIM(J10))="Moderately active"),(N10*25%)/9,IF(OR(LOWER(TRIM(J10))="Very active",LOWER(TRIM(J10))="Extremely active"),(N10*35%)/9,IF(LOWER(TRIM(J10))="Sedentary",(N10*30%)/9,0))) -> 43.52 | R9: =IF(OR(LOWER(TRIM(J10))="Lightly active",LOWER(TRIM(J10))="Moderately active"),(N10*25%)/4,IF(OR(LOWER(TRIM(J10))="Very active",LOWER(TRIM(J10))="Extremely active"),(N10*35%)/4,IF(LOWER(TRIM(J10))="Sedentary",(N10*30%)/4,0))) -> 97.92
A10: HM009 | B10: Sekar | C10: 63 | D10: 160 | E10: 67 | F10: M | G10: Y | H10: =E10/(D10/100 * D10/100) -> 26.171875 | I10: =IF(F10="F",(10*E10)+(6.25*D10)-(5*C10)-161,(10*E10)+(6.25*D10)-(5*C10)+5) -> 1360 | J10: Sedentary | K10: little/no exercise | L10: 1.2 | M10: =I10*L10 -> 1632 | N10: =IF(G10="Y",M10-(M10*20/100),M10) -> 1305.6 | O10: =IF(OR(LOWER(TRIM(J10))="Lightly active",LOWER(TRIM(J10))="Moderately active"),(N10*25%)/4,IF(OR(LOWER(TRIM(J10))="Very active",LOWER(TRIM(J10))="Extremely active"),(N10*35%)/4,IF(LOWER(TRIM(J10))="Sedentary",(N10*30%)/4,0))) -> 97.92 | P10: =N10/1000*14 -> 18.2784 | Q10: =IF(OR(LOWER(TRIM(J11))="Lightly active",LOWER(TRIM(J11))="Moderately active"),(N11*25%)/9,IF(OR(LOWER(TRIM(J11))="Very active",LOWER(TRIM(J11))="Extremely active"),(N11*35%)/9,IF(LOWER(TRIM(J11))="Sedentary",(N11*30%)/9,0))) -> 68.78125 | R10: =IF(OR(LOWER(TRIM(J11))="Lightly active",LOWER(TRIM(J11))="Moderately active"),(N11*25%)/4,IF(OR(LOWER(TRIM(J11))="Very active",LOWER(TRIM(J11))="Extremely active"),(N11*35%)/4,IF(LOWER(TRIM(J11))="Sedentary",(N11*30%)/4,0))) -> 154.75781
A11: HM010 | B11: Sudharsan | C11: 34 | D11: 170 | E11: 70 | F11: M | G11: N | H11: =E11/(D11/100 * D11/100) -> 24.221453 | I11: =IF(F11="F",(10*E11)+(6.25*D11)-(5*C11)-161,(10*E11)+(6.25*D11)-(5*C11)+5) -> 1597.5 | J11: Moderately active | K11: little/no exercise | L11: 1.55 | M11: =I11*L11 -> 2476.125 | N11: =IF(G11="Y",M11-(M11*20/100),M11) -> 2476.125 | O11: =IF(OR(LOWER(TRIM(J11))="Lightly active",LOWER(TRIM(J11))="Moderately active"),(N11*25%)/4,IF(OR(LOWER(TRIM(J11))="Very active",LOWER(TRIM(J11))="Extremely active"),(N11*35%)/4,IF(LOWER(TRIM(J11))="Sedentary",(N11*30%)/4,0))) -> 154.75781 | P11: =N11/1000*14 -> 34.66575 | Q11: =IF(OR(LOWER(TRIM(J12))="Lightly active",LOWER(TRIM(J12))="Moderately active"),(N12*25%)/9,IF(OR(LOWER(TRIM(J12))="Very active",LOWER(TRIM(J12))="Extremely active"),(N12*35%)/9,IF(LOWER(TRIM(J12))="Sedentary",(N12*30%)/9,0))) -> 60.0625 | R11: =IF(OR(LOWER(TRIM(J12))="Lightly active",LOWER(TRIM(J12))="Moderately active"),(N12*25%)/4,IF(OR(LOWER(TRIM(J12))="Very active",LOWER(TRIM(J12))="Extremely active"),(N12*35%)/4,IF(LOWER(TRIM(J12))="Sedentary",(N12*30%)/4,0))) -> 135.14062
A12: HM011 | B12: Suganthan | C12: 27 | D12: 175 | E12: 78 | F12: M | G12: Y | H12: =E12/(D12/100 * D12/100) -> 25.469388 | I12: =IF(F12="F",(10*E12)+(6.25*D12)-(5*C12)-161,(10*E12)+(6.25*D12)-(5*C12)+5) -> 1743.75 | J12: Moderately active | K12: exercise 3–5 days/week | L12: 1.55 | M12: =I12*L12 -> 2702.8125 | N12: =IF(G12="Y",M12-(M12*20/100),M12) -> 2162.25 | O12: =IF(OR(LOWER(TRIM(J12))="Lightly active",LOWER(TRIM(J12))="Moderately active"),(N12*25%)/4,IF(OR(LOWER(TRIM(J12))="Very active",LOWER(TRIM(J12))="Extremely active"),(N12*35%)/4,IF(LOWER(TRIM(J12))="Sedentary",(N12*30%)/4,0))) -> 135.14062 | P12: =N12/1000*14 -> 30.2715 | Q12: =IF(OR(LOWER(TRIM(J13))="Lightly active",LOWER(TRIM(J13))="Moderately active"),(N13*25%)/9,IF(OR(LOWER(TRIM(J13))="Very active",LOWER(TRIM(J13))="Extremely active"),(N13*35%)/9,IF(LOWER(TRIM(J13))="Sedentary",(N13*30%)/9,0))) -> 95.168889 | R12: =IF(OR(LOWER(TRIM(J13))="Lightly active",LOWER(TRIM(J13))="Moderately active"),(N13*25%)/4,IF(OR(LOWER(TRIM(J13))="Very active",LOWER(TRIM(J13))="Extremely active"),(N13*35%)/4,IF(LOWER(TRIM(J13))="Sedentary",(N13*30%)/4,0))) -> 214.13
A13: HM012 | B13: Dharshan | C13: 14 | D13: 164 | E13: 65 | F13: M | G13: Y | H13: =E13/(D13/100 * D13/100) -> 24.167162 | I13: =IF(F13="F",(10*E13)+(6.25*D13)-(5*C13)-161,(10*E13)+(6.25*D13)-(5*C13)+5) -> 1610 | J13: Extremely active | K13: very hard training/physical job | L13: 1.9 | M13: =I13*L13 -> 3059 | N13: =IF(G13="Y",M13-(M13*20/100),M13) -> 2447.2 | O13: =IF(OR(LOWER(TRIM(J13))="Lightly active",LOWER(TRIM(J13))="Moderately active"),(N13*25%)/4,IF(OR(LOWER(TRIM(J13))="Very active",LOWER(TRIM(J13))="Extremely active"),(N13*35%)/4,IF(LOWER(TRIM(J13))="Sedentary",(N13*30%)/4,0))) -> 214.13 | P13: =N13/1000*14 -> 34.2608 | Q13: =IF(OR(LOWER(TRIM(J14))="Lightly active",LOWER(TRIM(J14))="Moderately active"),(N14*25%)/9,IF(OR(LOWER(TRIM(J14))="Very active",LOWER(TRIM(J14))="Extremely active"),(N14*35%)/9,IF(LOWER(TRIM(J14))="Sedentary",(N14*30%)/9,0))) -> 68.350694 | R13: =IF(OR(LOWER(TRIM(J14))="Lightly active",LOWER(TRIM(J14))="Moderately active"),(N14*25%)/4,IF(OR(LOWER(TRIM(J14))="Very active",LOWER(TRIM(J14))="Extremely active"),(N14*35%)/4,IF(LOWER(TRIM(J14))="Sedentary",(N14*30%)/4,0))) -> 153.78906
... A18: HM017 | B18: Muthaiyan | C18: 75 | D18: 158 | E18: 45 | F18: M | G18: N | H18: =E18/(D18/100 * D18/100) -> 18.025957 | I18: =IF(F18="F",(10*E18)+(6.25*D18)-(5*C18)-161,(10*E18)+(6.25*D18)-(5*C18)+5) -> 1067.5 | J18: Sedentary | K18: little/no exercise | L18: 1.2 | M18: =I18*L18 -> 1281 | N18: =IF(G18="Y",M18-(M18*20/100),M18) -> 1281 | O18: =IF(OR(LOWER(TRIM(J18))="Lightly active",LOWER(TRIM(J18))="Moderately active"),(N18*25%)/4,IF(OR(LOWER(TRIM(J18))="Very active",LOWER(TRIM(J18))="Extremely active"),(N18*35%)/4,IF(LOWER(TRIM(J18))="Sedentary",(N18*30%)/4,0))) -> 96.075 | P18: =N18/1000*14 -> 17.934 | Q18: =IF(OR(LOWER(TRIM(J19))="Lightly active",LOWER(TRIM(J19))="Moderately active"),(N19*25%)/9,IF(OR(LOWER(TRIM(J19))="Very active",LOWER(TRIM(J19))="Extremely active"),(N19*35%)/9,IF(LOWER(TRIM(J19))="Sedentary",(N19*30%)/9,0))) -> 0 | R18: =IF(OR(LOWER(TRIM(J19))="Lightly active",LOWER(TRIM(J19))="Moderately active"),(N19*25%)/4,IF(OR(LOWER(TRIM(J19))="Very active",LOWER(TRIM(J19))="Extremely active"),(N19*35%)/4,IF(LOWER(TRIM(J19))="Sedentary",(N19*30%)/4,0))) -> 0

Sheet Food_log
A1: Log_ID | B1: User_ID | C1: Food_ID | D1: Day_id | E1: Date_Time | F1: Meal_Type | G1: Quantity_g | H1: Total_Protein_g | I1: Total_Fat_g | J1: Total_Fibre_g | K1: Total_Carb_g | L1: Total_Calories_kcal
A2: LD00021 | B2: HM001 | C2: F014 | D2: D01 | E2: 46235.271 | F2: Breakfast | G2: 110 | H2: =(G2/100)*VLOOKUP(C2,indian_food_nutrition_500!A:E,5,TRUE) -> 7.92 | I2: =(G2/100)*VLOOKUP(C2,indian_food_nutrition_500!A:F,6,TRUE) -> 1.1 | J2: =(G2/100)*VLOOKUP(C2,indian_food_nutrition_500!A:G,7,TRUE) -> 5.61 | K2: =(G2/100)*VLOOKUP(C2,indian_food_nutrition_500!A:H,8,TRUE) -> 22 | L2: =(H2*4)+(K2*4)+(I2*9) -> 129.58
A3: LD00022 | B3: HM001 | C3: F472 | D3: D01 | E3: 46235.271 | F3: Breakfast | G3: 80 | H3: =(G3/100)*VLOOKUP(C3,indian_food_nutrition_500!A:E,5,TRUE) -> 5.84 | I3: =(G3/100)*VLOOKUP(C3,indian_food_nutrition_500!A:F,6,TRUE) -> 1.04 | J3: =(G3/100)*VLOOKUP(C3,indian_food_nutrition_500!A:G,7,TRUE) -> 9.2 | K3: =(G3/100)*VLOOKUP(C3,indian_food_nutrition_500!A:H,8,TRUE) -> 57.6 | L3: =(H3*4)+(K3*4)+(I3*9) -> 263.12
A4: LD00023 | B4: HM001 | C4: F276 | D4: D01 | E4: 46235.271 | F4: Breakfast | G4: 5 | H4: =(G4/100)*VLOOKUP(C4,indian_food_nutrition_500!A:E,5,TRUE) -> 0.37 | I4: =(G4/100)*VLOOKUP(C4,indian_food_nutrition_500!A:F,6,TRUE) -> 0.055 | J4: =(G4/100)*VLOOKUP(C4,indian_food_nutrition_500!A:G,7,TRUE) -> 0.05 | K4: =(G4/100)*VLOOKUP(C4,indian_food_nutrition_500!A:H,8,TRUE) -> 4.045 | L4: =(H4*4)+(K4*4)+(I4*9) -> 18.155
A5: LD00024 | B5: HM001 | C5: F247 | D5: D01 | E5: 46235.271 | F5: Breakfast | G5: 135 | H5: =(G5/100)*VLOOKUP(C5,indian_food_nutrition_500!A:E,5,TRUE) -> 1.215 | I5: =(G5/100)*VLOOKUP(C5,indian_food_nutrition_500!A:F,6,TRUE) -> 0.27 | J5: =(G5/100)*VLOOKUP(C5,indian_food_nutrition_500!A:G,7,TRUE) -> 3.78 | K5: =(G5/100)*VLOOKUP(C5,indian_food_nutrition_500!A:H,8,TRUE) -> 13.5 | L5: =(H5*4)+(K5*4)+(I5*9) -> 61.29
A6: LD00025 | B6: HM001 | C6: F206 | D6: D01 | E6: 46235.271 | F6: Breakfast | G6: 5 | H6: =(G6/100)*VLOOKUP(C6,indian_food_nutrition_500!A:E,5,TRUE) -> 0.54 | I6: =(G6/100)*VLOOKUP(C6,indian_food_nutrition_500!A:F,6,TRUE) -> 0.16 | J6: =(G6/100)*VLOOKUP(C6,indian_food_nutrition_500!A:G,7,TRUE) -> 0.33 | K6: =(G6/100)*VLOOKUP(C6,indian_food_nutrition_500!A:H,8,TRUE) -> 3.775 | L6: =(H6*4)+(K6*4)+(I6*9) -> 18.7
A7: LD00026 | B7: HM001 | C7: F402 | D7: D01 | E7: 46235.396 | F7: Mid-snack | G7: 70 | H7: =(G7/100)*VLOOKUP(C7,indian_food_nutrition_500!A:E,5,TRUE) -> 0.63 | I7: =(G7/100)*VLOOKUP(C7,indian_food_nutrition_500!A:F,6,TRUE) -> 0.42 | J7: =(G7/100)*VLOOKUP(C7,indian_food_nutrition_500!A:G,7,TRUE) -> 3.01 | K7: =(G7/100)*VLOOKUP(C7,indian_food_nutrition_500!A:H,8,TRUE) -> 7.35 | L7: =(H7*4)+(K7*4)+(I7*9) -> 35.7
A8: LD00027 | B8: HM001 | C8: F301 | D8: D01 | E8: 46235.396 | F8: Mid-snack | G8: 40 | H8: =(G8/100)*VLOOKUP(C8,indian_food_nutrition_500!A:E,5,TRUE) -> 13.04 | I8: =(G8/100)*VLOOKUP(C8,indian_food_nutrition_500!A:F,6,TRUE) -> 1.52 | J8: =(G8/100)*VLOOKUP(C8,indian_food_nutrition_500!A:G,7,TRUE) -> 0 | K8: =(G8/100)*VLOOKUP(C8,indian_food_nutrition_500!A:H,8,TRUE) -> 0 | L8: =(H8*4)+(K8*4)+(I8*9) -> 65.84
A9: LD00028 | B9: HM001 | C9: F435 | D9: D01 | E9: 46235.396 | F9: Mid-snack | G9: 40 | H9: =(G9/100)*VLOOKUP(C9,indian_food_nutrition_500!A:E,5,TRUE) -> 12.64 | I9: =(G9/100)*VLOOKUP(C9,indian_food_nutrition_500!A:F,6,TRUE) -> 1.48 | J9: =(G9/100)*VLOOKUP(C9,indian_food_nutrition_500!A:G,7,TRUE) -> 0 | K9: =(G9/100)*VLOOKUP(C9,indian_food_nutrition_500!A:H,8,TRUE) -> 0 | L9: =(H9*4)+(K9*4)+(I9*9) -> 63.88
A10: LD00029 | B10: HM001 | C10: F053 | D10: D01 | E10: 46235.396 | F10: Mid-snack | G10: 150 | H10: =(G10/100)*VLOOKUP(C10,indian_food_nutrition_500!A:E,5,TRUE) -> 1.05 | I10: =(G10/100)*VLOOKUP(C10,indian_food_nutrition_500!A:F,6,TRUE) -> 0.15 | J10: =(G10/100)*VLOOKUP(C10,indian_food_nutrition_500!A:G,7,TRUE) -> 0.75 | K10: =(G10/100)*VLOOKUP(C10,indian_food_nutrition_500!A:H,8,TRUE) -> 5.4 | L10: =(H10*4)+(K10*4)+(I10*9) -> 27.15
A11: LD00030 | B11: HM001 | C11: F484 | D11: D01 | E11: 46235.542 | F11: Lunch | G11: 105 | H11: =(G11/100)*VLOOKUP(C11,indian_food_nutrition_500!A:E,5,TRUE) -> 9.45 | I11: =(G11/100)*VLOOKUP(C11,indian_food_nutrition_500!A:F,6,TRUE) -> 0.42 | J11: =(G11/100)*VLOOKUP(C11,indian_food_nutrition_500!A:G,7,TRUE) -> 8.295 | K11: =(G11/100)*VLOOKUP(C11,indian_food_nutrition_500!A:H,8,TRUE) -> 21 | L11: =(H11*4)+(K11*4)+(I11*9) -> 125.58
A12: LD00031 | B12: HM001 | C12: F039 | D12: D01 | E12: 46235.542 | F12: Lunch | G12: 85 | H12: =(G12/100)*VLOOKUP(C12,indian_food_nutrition_500!A:E,5,TRUE) -> 24.65 | I12: =(G12/100)*VLOOKUP(C12,indian_food_nutrition_500!A:F,6,TRUE) -> 0.85 | J12: =(G12/100)*VLOOKUP(C12,indian_food_nutrition_500!A:G,7,TRUE) -> 0 | K12: =(G12/100)*VLOOKUP(C12,indian_food_nutrition_500!A:H,8,TRUE) -> 0 | L12: =(H12*4)+(K12*4)+(I12*9) -> 106.25
A13: LD00032 | B13: HM001 | C13: F378 | D13: D01 | E13: 46235.542 | F13: Lunch | G13: 45 | H13: =(G13/100)*VLOOKUP(C13,indian_food_nutrition_500!A:E,5,TRUE) -> 2.79 | I13: =(G13/100)*VLOOKUP(C13,indian_food_nutrition_500!A:F,6,TRUE) -> 0.45 | J13: =(G13/100)*VLOOKUP(C13,indian_food_nutrition_500!A:G,7,TRUE) -> 3.6 | K13: =(G13/100)*VLOOKUP(C13,indian_food_nutrition_500!A:H,8,TRUE) -> 3.69 | L13: =(H13*4)+(K13*4)+(I13*9) -> 29.97
... A6220: LD06239 | B6220: HM017 | C6220: F218 | D6220: D22 | E6220: 46256.771 | F6220: Dinner | G6220: 20 | H6220: =(G6220/100)*VLOOKUP(C6220,indian_food_nutrition_500!A:E,5,TRUE) -> 1.66 | I6220: =(G6220/100)*VLOOKUP(C6220,indian_food_nutrition_500!A:F,6,TRUE) -> 0.12 | J6220: =(G6220/100)*VLOOKUP(C6220,indian_food_nutrition_500!A:G,7,TRUE) -> 1 | K6220: =(G6220/100)*VLOOKUP(C6220,indian_food_nutrition_500!A:H,8,TRUE) -> 4.16 | L6220: =(H6220*4)+(K6220*4)+(I6220*9) -> 24.36

Sheet Daily_Summary
A1: Summary_id | B1: Userid | C1: Day_id | D1: date | E1: Total_Protein_g_perday | F1: Total_Fat_g_perday | G1: Total_Fibre_g_perday | H1: Total_Carb_g_perday | I1: Total_Calories_kcal_perday
A2: S002 | B2: HM001 | C2: D01 | D2: 46235 | E2: =SUMIFS(Food_log!H:H,Food_log!B:B,B:B,Food_log!D:D,C:C) -> 118.765 | F2: =SUMIFS(Food_log!I:I,Food_log!B:B,B:B,Food_log!D:D,C:C) -> 30.805 | G2: =SUMIFS(Food_log!J:J,Food_log!B:B,B:B,Food_log!D:D,C:C) -> 59.245 | H2: =SUMIFS(Food_log!K:K,Food_log!B:B,B:B,Food_log!D:D,C:C) -> 293.845 | I2: =SUMIFS(Food_log!L:L,Food_log!B:B,B:B,Food_log!D:D,C:C) -> 1927.685
A3: S003 | B3: HM001 | C3: D02 | D3: 46236 | E3: =SUMIFS(Food_log!H:H,Food_log!B:B,B:B,Food_log!D:D,C:C) -> 72.47 | F3: =SUMIFS(Food_log!I:I,Food_log!B:B,B:B,Food_log!D:D,C:C) -> 40.7 | G3: =SUMIFS(Food_log!J:J,Food_log!B:B,B:B,Food_log!D:D,C:C) -> 23.765 | H3: =SUMIFS(Food_log!K:K,Food_log!B:B,B:B,Food_log!D:D,C:C) -> 182.575 | I3: =SUMIFS(Food_log!L:L,Food_log!B:B,B:B,Food_log!D:D,C:C) -> 1386.48
A4: S004 | B4: HM001 | C4: D03 | D4: 46237 | E4: =SUMIFS(Food_log!H:H,Food_log!B:B,B:B,Food_log!D:D,C:C) -> 67.065 | F4: =SUMIFS(Food_log!I:I,Food_log!B:B,B:B,Food_log!D:D,C:C) -> 31.895 | G4: =SUMIFS(Food_log!J:J,Food_log!B:B,B:B,Food_log!D:D,C:C) -> 36.655 | H4: =SUMIFS(Food_log!K:K,Food_log!B:B,B:B,Food_log!D:D,C:C) -> 227.615 | I4: =SUMIFS(Food_log!L:L,Food_log!B:B,B:B,Food_log!D:D,C:C) -> 1465.775
A5: S005 | B5: HM001 | C5: D04 | D5: 46238 | E5: =SUMIFS(Food_log!H:H,Food_log!B:B,B:B,Food_log!D:D,C:C) -> 75.255 | F5: =SUMIFS(Food_log!I:I,Food_log!B:B,B:B,Food_log!D:D,C:C) -> 26.735 | G5: =SUMIFS(Food_log!J:J,Food_log!B:B,B:B,Food_log!D:D,C:C) -> 20.805 | H5: =SUMIFS(Food_log!K:K,Food_log!B:B,B:B,Food_log!D:D,C:C) -> 115.095 | I5: =SUMIFS(Food_log!L:L,Food_log!B:B,B:B,Food_log!D:D,C:C) -> 1002.015
A6: S006 | B6: HM001 | C6: D05 | D6: 46239 | E6: =SUMIFS(Food_log!H:H,Food_log!B:B,B:B,Food_log!D:D,C:C) -> 105.01 | F6: =SUMIFS(Food_log!I:I,Food_log!B:B,B:B,Food_log!D:D,C:C) -> 51.185 | G6: =SUMIFS(Food_log!J:J,Food_log!B:B,B:B,Food_log!D:D,C:C) -> 59.995 | H6: =SUMIFS(Food_log!K:K,Food_log!B:B,B:B,Food_log!D:D,C:C) -> 263.365 | I6: =SUMIFS(Food_log!L:L,Food_log!B:B,B:B,Food_log!D:D,C:C) -> 1934.165
A7: S007 | B7: HM001 | C7: D06 | D7: 46240 | E7: =SUMIFS(Food_log!H:H,Food_log!B:B,B:B,Food_log!D:D,C:C) -> 67.29 | F7: =SUMIFS(Food_log!I:I,Food_log!B:B,B:B,Food_log!D:D,C:C) -> 64.96 | G7: =SUMIFS(Food_log!J:J,Food_log!B:B,B:B,Food_log!D:D,C:C) -> 67.375 | H7: =SUMIFS(Food_log!K:K,Food_log!B:B,B:B,Food_log!D:D,C:C) -> 252.465 | I7: =SUMIFS(Food_log!L:L,Food_log!B:B,B:B,Food_log!D:D,C:C) -> 1863.66
A8: S008 | B8: HM001 | C8: D07 | D8: 46241 | E8: =SUMIFS(Food_log!H:H,Food_log!B:B,B:B,Food_log!D:D,C:C) -> 59.245 | F8: =SUMIFS(Food_log!I:I,Food_log!B:B,B:B,Food_log!D:D,C:C) -> 19.15 | G8: =SUMIFS(Food_log!J:J,Food_log!B:B,B:B,Food_log!D:D,C:C) -> 32.2 | H8: =SUMIFS(Food_log!K:K,Food_log!B:B,B:B,Food_log!D:D,C:C) -> 85.89 | I8: =SUMIFS(Food_log!L:L,Food_log!B:B,B:B,Food_log!D:D,C:C) -> 752.89
A9: S009 | B9: HM001 | C9: D08 | D9: 46242 | E9: =SUMIFS(Food_log!H:H,Food_log!B:B,B:B,Food_log!D:D,C:C) -> 105.195 | F9: =SUMIFS(Food_log!I:I,Food_log!B:B,B:B,Food_log!D:D,C:C) -> 32.09 | G9: =SUMIFS(Food_log!J:J,Food_log!B:B,B:B,Food_log!D:D,C:C) -> 67.795 | H9: =SUMIFS(Food_log!K:K,Food_log!B:B,B:B,Food_log!D:D,C:C) -> 162.575 | I9: =SUMIFS(Food_log!L:L,Food_log!B:B,B:B,Food_log!D:D,C:C) -> 1359.89
A10: S010 | B10: HM001 | C10: D09 | D10: 46243 | E10: =SUMIFS(Food_log!H:H,Food_log!B:B,B:B,Food_log!D:D,C:C) -> 98.535 | F10: =SUMIFS(Food_log!I:I,Food_log!B:B,B:B,Food_log!D:D,C:C) -> 52.48 | G10: =SUMIFS(Food_log!J:J,Food_log!B:B,B:B,Food_log!D:D,C:C) -> 41.05 | H10: =SUMIFS(Food_log!K:K,Food_log!B:B,B:B,Food_log!D:D,C:C) -> 246.22 | I10: =SUMIFS(Food_log!L:L,Food_log!B:B,B:B,Food_log!D:D,C:C) -> 1851.34
A11: S011 | B11: HM001 | C11: D10 | D11: 46244 | E11: =SUMIFS(Food_log!H:H,Food_log!B:B,B:B,Food_log!D:D,C:C) -> 56.93 | F11: =SUMIFS(Food_log!I:I,Food_log!B:B,B:B,Food_log!D:D,C:C) -> 16.73 | G11: =SUMIFS(Food_log!J:J,Food_log!B:B,B:B,Food_log!D:D,C:C) -> 39.495 | H11: =SUMIFS(Food_log!K:K,Food_log!B:B,B:B,Food_log!D:D,C:C) -> 152.37 | I11: =SUMIFS(Food_log!L:L,Food_log!B:B,B:B,Food_log!D:D,C:C) -> 987.77
A12: S012 | B12: HM001 | C12: D11 | D12: 46245 | E12: =SUMIFS(Food_log!H:H,Food_log!B:B,B:B,Food_log!D:D,C:C) -> 131.255 | F12: =SUMIFS(Food_log!I:I,Food_log!B:B,B:B,Food_log!D:D,C:C) -> 58.765 | G12: =SUMIFS(Food_log!J:J,Food_log!B:B,B:B,Food_log!D:D,C:C) -> 54.55 | H12: =SUMIFS(Food_log!K:K,Food_log!B:B,B:B,Food_log!D:D,C:C) -> 299.845 | I12: =SUMIFS(Food_log!L:L,Food_log!B:B,B:B,Food_log!D:D,C:C) -> 2253.285
A13: S013 | B13: HM001 | C13: D12 | D13: 46246 | E13: =SUMIFS(Food_log!H:H,Food_log!B:B,B:B,Food_log!D:D,C:C) -> 139.565 | F13: =SUMIFS(Food_log!I:I,Food_log!B:B,B:B,Food_log!D:D,C:C) -> 68.675 | G13: =SUMIFS(Food_log!J:J,Food_log!B:B,B:B,Food_log!D:D,C:C) -> 65.23 | H13: =SUMIFS(Food_log!K:K,Food_log!B:B,B:B,Food_log!D:D,C:C) -> 266.79 | I13: =SUMIFS(Food_log!L:L,Food_log!B:B,B:B,Food_log!D:D,C:C) -> 2243.495
... A375: S375 | B375: HM017 | C375: D22 | D375: 46256 | E375: =SUMIFS(Food_log!H:H,Food_log!B:B,B:B,Food_log!D:D,C:C) -> 34.935 | F375: =SUMIFS(Food_log!I:I,Food_log!B:B,B:B,Food_log!D:D,C:C) -> 8.445 | G375: =SUMIFS(Food_log!J:J,Food_log!B:B,B:B,Food_log!D:D,C:C) -> 39.605 | H375: =SUMIFS(Food_log!K:K,Food_log!B:B,B:B,Food_log!D:D,C:C) -> 149.24 | I375: =SUMIFS(Food_log!L:L,Food_log!B:B,B:B,Food_log!D:D,C:C) -> 812.705

Sheet Target_Analysis
A1: Target_id | B1: Target_date | C1: User_id | D1: Summary_id | E1: Protein | F1: Fat | G1: Fibre | H1: carb | I1: Calories
A2: T0002 | B2: 46235 | C2: HM001 | D2: S002 | E2: =IF(INDEX(Daily_Summary!$E:$E,MATCH($D2,Daily_Summary!$A:$A,0))>=INDEX(User!$O:$O,MATCH($C2,User!$A:$A,0)),"Achieved ("&ROUND(INDEX(Daily_Summary!$E:$E,MATCH($D2,Daily_Summary!$A:$A,0)),1)&"g)","Not Achieved ("&ROUND(INDEX(Daily_Summary!$E:$E,MATCH($D2,Daily_Summary!$A:$A,0)),1)&"g)") -> Achieved (118.8g) | F2: =IF(INDEX(Daily_Summary!$F:$F,MATCH($D2,Daily_Summary!$A:$A,0))>=INDEX(User!$Q:$Q,MATCH($C2,User!$A:$A,0)),"Achieved ("&ROUND(INDEX(Daily_Summary!$F:$F,MATCH($D2,Daily_Summary!$A:$A,0)),1)&"g)","Not Achieved ("&ROUND(INDEX(Daily_Summary!$F:$F,MATCH($D2,Daily_Summary!$A:$A,0)),1)&"g)") -> Not Achieved (30.8g) | G2: =IF(INDEX(Daily_Summary!$G:$G,MATCH($D2,Daily_Summary!$A:$A,0))>=INDEX(User!$P:$P,MATCH($C2,User!$A:$A,0)),"Achieved ("&ROUND(INDEX(Daily_Summary!$G:$G,MATCH($D2,Daily_Summary!$A:$A,0)),1)&"g)","Not Achieved ("&ROUND(INDEX(Daily_Summary!$G:$G,MATCH($D2,Daily_Summary!$A:$A,0)),1)&"g)") -> Achieved (59.2g) | H2: =IF(INDEX(Daily_Summary!$H:$H,MATCH($D2,Daily_Summary!$A:$A,0))>=INDEX(User!$R:$R,MATCH($C2,User!$A:$A,0)),"Achieved ("&ROUND(INDEX(Daily_Summary!$H:$H,MATCH($D2,Daily_Summary!$A:$A,0)),1)&"g)","Not Achieved ("&ROUND(INDEX(Daily_Summary!$H:$H,MATCH($D2,Daily_Summary!$A:$A,0)),1)&"g)") -> Achieved (293.8g) | I2: =IF(INDEX(Daily_Summary!$I:$I,MATCH($D2,Daily_Summary!$A:$A,0))>=INDEX(User!$N:$N,MATCH($C2,User!$A:$A,0)),"Achieved ("&ROUND(INDEX(Daily_Summary!$I:$I,MATCH($D2,Daily_Summary!$A:$A,0)),1)&"kcal)","Not Achieved ("&ROUND(INDEX(Daily_Summary!$I:$I,MATCH($D2,Daily_Summary!$A:$A,0)),1)&"kcal)") -> Achieved (1927.7kcal)
A3: T0003 | B3: 46236 | C3: HM001 | D3: S003 | E3: =IF(INDEX(Daily_Summary!$E:$E,MATCH($D3,Daily_Summary!$A:$A,0))>=INDEX(User!$O:$O,MATCH($C3,User!$A:$A,0)),"Achieved ("&ROUND(INDEX(Daily_Summary!$E:$E,MATCH($D3,Daily_Summary!$A:$A,0)),1)&"g)","Not Achieved ("&ROUND(INDEX(Daily_Summary!$E:$E,MATCH($D3,Daily_Summary!$A:$A,0)),1)&"g)") -> Not Achieved (72.5g) | F3: =IF(INDEX(Daily_Summary!$F:$F,MATCH($D3,Daily_Summary!$A:$A,0))>=INDEX(User!$Q:$Q,MATCH($C3,User!$A:$A,0)),"Achieved ("&ROUND(INDEX(Daily_Summary!$F:$F,MATCH($D3,Daily_Summary!$A:$A,0)),1)&"g)","Not Achieved ("&ROUND(INDEX(Daily_Summary!$F:$F,MATCH($D3,Daily_Summary!$A:$A,0)),1)&"g)") -> Achieved (40.7g) | G3: =IF(INDEX(Daily_Summary!$G:$G,MATCH($D3,Daily_Summary!$A:$A,0))>=INDEX(User!$P:$P,MATCH($C3,User!$A:$A,0)),"Achieved ("&ROUND(INDEX(Daily_Summary!$G:$G,MATCH($D3,Daily_Summary!$A:$A,0)),1)&"g)","Not Achieved ("&ROUND(INDEX(Daily_Summary!$G:$G,MATCH($D3,Daily_Summary!$A:$A,0)),1)&"g)") -> Achieved (23.8g) | H3: =IF(INDEX(Daily_Summary!$H:$H,MATCH($D3,Daily_Summary!$A:$A,0))>=INDEX(User!$R:$R,MATCH($C3,User!$A:$A,0)),"Achieved ("&ROUND(INDEX(Daily_Summary!$H:$H,MATCH($D3,Daily_Summary!$A:$A,0)),1)&"g)","Not Achieved ("&ROUND(INDEX(Daily_Summary!$H:$H,MATCH($D3,Daily_Summary!$A:$A,0)),1)&"g)") -> Achieved (182.6g) | I3: =IF(INDEX(Daily_Summary!$I:$I,MATCH($D3,Daily_Summary!$A:$A,0))>=INDEX(User!$N:$N,MATCH($C3,User!$A:$A,0)),"Achieved ("&ROUND(INDEX(Daily_Summary!$I:$I,MATCH($D3,Daily_Summary!$A:$A,0)),1)&"kcal)","Not Achieved ("&ROUND(INDEX(Daily_Summary!$I:$I,MATCH($D3,Daily_Summary!$A:$A,0)),1)&"kcal)") -> Not Achieved (1386.5kcal)
A4: T0004 | B4: 46237 | C4: HM001 | D4: S004 | E4: =IF(INDEX(Daily_Summary!$E:$E,MATCH($D4,Daily_Summary!$A:$A,0))>=INDEX(User!$O:$O,MATCH($C4,User!$A:$A,0)),"Achieved ("&ROUND(INDEX(Daily_Summary!$E:$E,MATCH($D4,Daily_Summary!$A:$A,0)),1)&"g)","Not Achieved ("&ROUND(INDEX(Daily_Summary!$E:$E,MATCH($D4,Daily_Summary!$A:$A,0)),1)&"g)") -> Not Achieved (67.1g) | F4: =IF(INDEX(Daily_Summary!$F:$F,MATCH($D4,Daily_Summary!$A:$A,0))>=INDEX(User!$Q:$Q,MATCH($C4,User!$A:$A,0)),"Achieved ("&ROUND(INDEX(Daily_Summary!$F:$F,MATCH($D4,Daily_Summary!$A:$A,0)),1)&"g)","Not Achieved ("&ROUND(INDEX(Daily_Summary!$F:$F,MATCH($D4,Daily_Summary!$A:$A,0)),1)&"g)") -> Not Achieved (31.9g) | G4: =IF(INDEX(Daily_Summary!$G:$G,MATCH($D4,Daily_Summary!$A:$A,0))>=INDEX(User!$P:$P,MATCH($C4,User!$A:$A,0)),"Achieved ("&ROUND(INDEX(Daily_Summary!$G:$G,MATCH($D4,Daily_Summary!$A:$A,0)),1)&"g)","Not Achieved ("&ROUND(INDEX(Daily_Summary!$G:$G,MATCH($D4,Daily_Summary!$A:$A,0)),1)&"g)") -> Achieved (36.7g) | H4: =IF(INDEX(Daily_Summary!$H:$H,MATCH($D4,Daily_Summary!$A:$A,0))>=INDEX(User!$R:$R,MATCH($C4,User!$A:$A,0)),"Achieved ("&ROUND(INDEX(Daily_Summary!$H:$H,MATCH($D4,Daily_Summary!$A:$A,0)),1)&"g)","Not Achieved ("&ROUND(INDEX(Daily_Summary!$H:$H,MATCH($D4,Daily_Summary!$A:$A,0)),1)&"g)") -> Achieved (227.6g) | I4: =IF(INDEX(Daily_Summary!$I:$I,MATCH($D4,Daily_Summary!$A:$A,0))>=INDEX(User!$N:$N,MATCH($C4,User!$A:$A,0)),"Achieved ("&ROUND(INDEX(Daily_Summary!$I:$I,MATCH($D4,Daily_Summary!$A:$A,0)),1)&"kcal)","Not Achieved ("&ROUND(INDEX(Daily_Summary!$I:$I,MATCH($D4,Daily_Summary!$A:$A,0)),1)&"kcal)") -> Not Achieved (1465.8kcal)
A5: T0005 | B5: 46238 | C5: HM001 | D5: S005 | E5: =IF(INDEX(Daily_Summary!$E:$E,MATCH($D5,Daily_Summary!$A:$A,0))>=INDEX(User!$O:$O,MATCH($C5,User!$A:$A,0)),"Achieved ("&ROUND(INDEX(Daily_Summary!$E:$E,MATCH($D5,Daily_Summary!$A:$A,0)),1)&"g)","Not Achieved ("&ROUND(INDEX(Daily_Summary!$E:$E,MATCH($D5,Daily_Summary!$A:$A,0)),1)&"g)") -> Not Achieved (75.3g) | F5: =IF(INDEX(Daily_Summary!$F:$F,MATCH($D5,Daily_Summary!$A:$A,0))>=INDEX(User!$Q:$Q,MATCH($C5,User!$A:$A,0)),"Achieved ("&ROUND(INDEX(Daily_Summary!$F:$F,MATCH($D5,Daily_Summary!$A:$A,0)),1)&"g)","Not Achieved ("&ROUND(INDEX(Daily_Summary!$F:$F,MATCH($D5,Daily_Summary!$A:$A,0)),1)&"g)") -> Not Achieved (26.7g) | G5: =IF(INDEX(Daily_Summary!$G:$G,MATCH($D5,Daily_Summary!$A:$A,0))>=INDEX(User!$P:$P,MATCH($C5,User!$A:$A,0)),"Achieved ("&ROUND(INDEX(Daily_Summary!$G:$G,MATCH($D5,Daily_Summary!$A:$A,0)),1)&"g)","Not Achieved ("&ROUND(INDEX(Daily_Summary!$G:$G,MATCH($D5,Daily_Summary!$A:$A,0)),1)&"g)") -> Not Achieved (20.8g) | H5: =IF(INDEX(Daily_Summary!$H:$H,MATCH($D5,Daily_Summary!$A:$A,0))>=INDEX(User!$R:$R,MATCH($C5,User!$A:$A,0)),"Achieved ("&ROUND(INDEX(Daily_Summary!$H:$H,MATCH($D5,Daily_Summary!$A:$A,0)),1)&"g)","Not Achieved ("&ROUND(INDEX(Daily_Summary!$H:$H,MATCH($D5,Daily_Summary!$A:$A,0)),1)&"g)") -> Achieved (115.1g) | I5: =IF(INDEX(Daily_Summary!$I:$I,MATCH($D5,Daily_Summary!$A:$A,0))>=INDEX(User!$N:$N,MATCH($C5,User!$A:$A,0)),"Achieved ("&ROUND(INDEX(Daily_Summary!$I:$I,MATCH($D5,Daily_Summary!$A:$A,0)),1)&"kcal)","Not Achieved ("&ROUND(INDEX(Daily_Summary!$I:$I,MATCH($D5,Daily_Summary!$A:$A,0)),1)&"kcal)") -> Not Achieved (1002kcal)
A6: T0006 | B6: 46239 | C6: HM001 | D6: S006 | E6: =IF(INDEX(Daily_Summary!$E:$E,MATCH($D6,Daily_Summary!$A:$A,0))>=INDEX(User!$O:$O,MATCH($C6,User!$A:$A,0)),"Achieved ("&ROUND(INDEX(Daily_Summary!$E:$E,MATCH($D6,Daily_Summary!$A:$A,0)),1)&"g)","Not Achieved ("&ROUND(INDEX(Daily_Summary!$E:$E,MATCH($D6,Daily_Summary!$A:$A,0)),1)&"g)") -> Achieved (105g) | F6: =IF(INDEX(Daily_Summary!$F:$F,MATCH($D6,Daily_Summary!$A:$A,0))>=INDEX(User!$Q:$Q,MATCH($C6,User!$A:$A,0)),"Achieved ("&ROUND(INDEX(Daily_Summary!$F:$F,MATCH($D6,Daily_Summary!$A:$A,0)),1)&"g)","Not Achieved ("&ROUND(INDEX(Daily_Summary!$F:$F,MATCH($D6,Daily_Summary!$A:$A,0)),1)&"g)") -> Achieved (51.2g) | G6: =IF(INDEX(Daily_Summary!$G:$G,MATCH($D6,Daily_Summary!$A:$A,0))>=INDEX(User!$P:$P,MATCH($C6,User!$A:$A,0)),"Achieved ("&ROUND(INDEX(Daily_Summary!$G:$G,MATCH($D6,Daily_Summary!$A:$A,0)),1)&"g)","Not Achieved ("&ROUND(INDEX(Daily_Summary!$G:$G,MATCH($D6,Daily_Summary!$A:$A,0)),1)&"g)") -> Achieved (60g) | H6: =IF(INDEX(Daily_Summary!$H:$H,MATCH($D6,Daily_Summary!$A:$A,0))>=INDEX(User!$R:$R,MATCH($C6,User!$A:$A,0)),"Achieved ("&ROUND(INDEX(Daily_Summary!$H:$H,MATCH($D6,Daily_Summary!$A:$A,0)),1)&"g)","Not Achieved ("&ROUND(INDEX(Daily_Summary!$H:$H,MATCH($D6,Daily_Summary!$A:$A,0)),1)&"g)") -> Achieved (263.4g) | I6: =IF(INDEX(Daily_Summary!$I:$I,MATCH($D6,Daily_Summary!$A:$A,0))>=INDEX(User!$N:$N,MATCH($C6,User!$A:$A,0)),"Achieved ("&ROUND(INDEX(Daily_Summary!$I:$I,MATCH($D6,Daily_Summary!$A:$A,0)),1)&"kcal)","Not Achieved ("&ROUND(INDEX(Daily_Summary!$I:$I,MATCH($D6,Daily_Summary!$A:$A,0)),1)&"kcal)") -> Achieved (1934.2kcal)
A7: T0007 | B7: 46240 | C7: HM001 | D7: S007 | E7: =IF(INDEX(Daily_Summary!$E:$E,MATCH($D7,Daily_Summary!$A:$A,0))>=INDEX(User!$O:$O,MATCH($C7,User!$A:$A,0)),"Achieved ("&ROUND(INDEX(Daily_Summary!$E:$E,MATCH($D7,Daily_Summary!$A:$A,0)),1)&"g)","Not Achieved ("&ROUND(INDEX(Daily_Summary!$E:$E,MATCH($D7,Daily_Summary!$A:$A,0)),1)&"g)") -> Not Achieved (67.3g) | F7: =IF(INDEX(Daily_Summary!$F:$F,MATCH($D7,Daily_Summary!$A:$A,0))>=INDEX(User!$Q:$Q,MATCH($C7,User!$A:$A,0)),"Achieved ("&ROUND(INDEX(Daily_Summary!$F:$F,MATCH($D7,Daily_Summary!$A:$A,0)),1)&"g)","Not Achieved ("&ROUND(INDEX(Daily_Summary!$F:$F,MATCH($D7,Daily_Summary!$A:$A,0)),1)&"g)") -> Achieved (65g) | G7: =IF(INDEX(Daily_Summary!$G:$G,MATCH($D7,Daily_Summary!$A:$A,0))>=INDEX(User!$P:$P,MATCH($C7,User!$A:$A,0)),"Achieved ("&ROUND(INDEX(Daily_Summary!$G:$G,MATCH($D7,Daily_Summary!$A:$A,0)),1)&"g)","Not Achieved ("&ROUND(INDEX(Daily_Summary!$G:$G,MATCH($D7,Daily_Summary!$A:$A,0)),1)&"g)") -> Achieved (67.4g) | H7: =IF(INDEX(Daily_Summary!$H:$H,MATCH($D7,Daily_Summary!$A:$A,0))>=INDEX(User!$R:$R,MATCH($C7,User!$A:$A,0)),"Achieved ("&ROUND(INDEX(Daily_Summary!$H:$H,MATCH($D7,Daily_Summary!$A:$A,0)),1)&"g)","Not Achieved ("&ROUND(INDEX(Daily_Summary!$H:$H,MATCH($D7,Daily_Summary!$A:$A,0)),1)&"g)") -> Achieved (252.5g) | I7: =IF(INDEX(Daily_Summary!$I:$I,MATCH($D7,Daily_Summary!$A:$A,0))>=INDEX(User!$N:$N,MATCH($C7,User!$A:$A,0)),"Achieved ("&ROUND(INDEX(Daily_Summary!$I:$I,MATCH($D7,Daily_Summary!$A:$A,0)),1)&"kcal)","Not Achieved ("&ROUND(INDEX(Daily_Summary!$I:$I,MATCH($D7,Daily_Summary!$A:$A,0)),1)&"kcal)") -> Achieved (1863.7kcal)
A8: T0008 | B8: 46241 | C8: HM001 | D8: S008 | E8: =IF(INDEX(Daily_Summary!$E:$E,MATCH($D8,Daily_Summary!$A:$A,0))>=INDEX(User!$O:$O,MATCH($C8,User!$A:$A,0)),"Achieved ("&ROUND(INDEX(Daily_Summary!$E:$E,MATCH($D8,Daily_Summary!$A:$A,0)),1)&"g)","Not Achieved ("&ROUND(INDEX(Daily_Summary!$E:$E,MATCH($D8,Daily_Summary!$A:$A,0)),1)&"g)") -> Not Achieved (59.2g) | F8: =IF(INDEX(Daily_Summary!$F:$F,MATCH($D8,Daily_Summary!$A:$A,0))>=INDEX(User!$Q:$Q,MATCH($C8,User!$A:$A,0)),"Achieved ("&ROUND(INDEX(Daily_Summary!$F:$F,MATCH($D8,Daily_Summary!$A:$A,0)),1)&"g)","Not Achieved ("&ROUND(INDEX(Daily_Summary!$F:$F,MATCH($D8,Daily_Summary!$A:$A,0)),1)&"g)") -> Not Achieved (19.2g) | G8: =IF(INDEX(Daily_Summary!$G:$G,MATCH($D8,Daily_Summary!$A:$A,0))>=INDEX(User!$P:$P,MATCH($C8,User!$A:$A,0)),"Achieved ("&ROUND(INDEX(Daily_Summary!$G:$G,MATCH($D8,Daily_Summary!$A:$A,0)),1)&"g)","Not Achieved ("&ROUND(INDEX(Daily_Summary!$G:$G,MATCH($D8,Daily_Summary!$A:$A,0)),1)&"g)") -> Achieved (32.2g) | H8: =IF(INDEX(Daily_Summary!$H:$H,MATCH($D8,Daily_Summary!$A:$A,0))>=INDEX(User!$R:$R,MATCH($C8,User!$A:$A,0)),"Achieved ("&ROUND(INDEX(Daily_Summary!$H:$H,MATCH($D8,Daily_Summary!$A:$A,0)),1)&"g)","Not Achieved ("&ROUND(INDEX(Daily_Summary!$H:$H,MATCH($D8,Daily_Summary!$A:$A,0)),1)&"g)") -> Achieved (85.9g) | I8: =IF(INDEX(Daily_Summary!$I:$I,MATCH($D8,Daily_Summary!$A:$A,0))>=INDEX(User!$N:$N,MATCH($C8,User!$A:$A,0)),"Achieved ("&ROUND(INDEX(Daily_Summary!$I:$I,MATCH($D8,Daily_Summary!$A:$A,0)),1)&"kcal)","Not Achieved ("&ROUND(INDEX(Daily_Summary!$I:$I,MATCH($D8,Daily_Summary!$A:$A,0)),1)&"kcal)") -> Not Achieved (752.9kcal)
A9: T0009 | B9: 46242 | C9: HM001 | D9: S009 | E9: =IF(INDEX(Daily_Summary!$E:$E,MATCH($D9,Daily_Summary!$A:$A,0))>=INDEX(User!$O:$O,MATCH($C9,User!$A:$A,0)),"Achieved ("&ROUND(INDEX(Daily_Summary!$E:$E,MATCH($D9,Daily_Summary!$A:$A,0)),1)&"g)","Not Achieved ("&ROUND(INDEX(Daily_Summary!$E:$E,MATCH($D9,Daily_Summary!$A:$A,0)),1)&"g)") -> Achieved (105.2g) | F9: =IF(INDEX(Daily_Summary!$F:$F,MATCH($D9,Daily_Summary!$A:$A,0))>=INDEX(User!$Q:$Q,MATCH($C9,User!$A:$A,0)),"Achieved ("&ROUND(INDEX(Daily_Summary!$F:$F,MATCH($D9,Daily_Summary!$A:$A,0)),1)&"g)","Not Achieved ("&ROUND(INDEX(Daily_Summary!$F:$F,MATCH($D9,Daily_Summary!$A:$A,0)),1)&"g)") -> Not Achieved (32.1g) | G9: =IF(INDEX(Daily_Summary!$G:$G,MATCH($D9,Daily_Summary!$A:$A,0))>=INDEX(User!$P:$P,MATCH($C9,User!$A:$A,0)),"Achieved ("&ROUND(INDEX(Daily_Summary!$G:$G,MATCH($D9,Daily_Summary!$A:$A,0)),1)&"g)","Not Achieved ("&ROUND(INDEX(Daily_Summary!$G:$G,MATCH($D9,Daily_Summary!$A:$A,0)),1)&"g)") -> Achieved (67.8g) | H9: =IF(INDEX(Daily_Summary!$H:$H,MATCH($D9,Daily_Summary!$A:$A,0))>=INDEX(User!$R:$R,MATCH($C9,User!$A:$A,0)),"Achieved ("&ROUND(INDEX(Daily_Summary!$H:$H,MATCH($D9,Daily_Summary!$A:$A,0)),1)&"g)","Not Achieved ("&ROUND(INDEX(Daily_Summary!$H:$H,MATCH($D9,Daily_Summary!$A:$A,0)),1)&"g)") -> Achieved (162.6g) | I9: =IF(INDEX(Daily_Summary!$I:$I,MATCH($D9,Daily_Summary!$A:$A,0))>=INDEX(User!$N:$N,MATCH($C9,User!$A:$A,0)),"Achieved ("&ROUND(INDEX(Daily_Summary!$I:$I,MATCH($D9,Daily_Summary!$A:$A,0)),1)&"kcal)","Not Achieved ("&ROUND(INDEX(Daily_Summary!$I:$I,MATCH($D9,Daily_Summary!$A:$A,0)),1)&"kcal)") -> Not Achieved (1359.9kcal)
A10: T0010 | B10: 46243 | C10: HM001 | D10: S010 | E10: =IF(INDEX(Daily_Summary!$E:$E,MATCH($D10,Daily_Summary!$A:$A,0))>=INDEX(User!$O:$O,MATCH($C10,User!$A:$A,0)),"Achieved ("&ROUND(INDEX(Daily_Summary!$E:$E,MATCH($D10,Daily_Summary!$A:$A,0)),1)&"g)","Not Achieved ("&ROUND(INDEX(Daily_Summary!$E:$E,MATCH($D10,Daily_Summary!$A:$A,0)),1)&"g)") -> Achieved (98.5g) | F10: =IF(INDEX(Daily_Summary!$F:$F,MATCH($D10,Daily_Summary!$A:$A,0))>=INDEX(User!$Q:$Q,MATCH($C10,User!$A:$A,0)),"Achieved ("&ROUND(INDEX(Daily_Summary!$F:$F,MATCH($D10,Daily_Summary!$A:$A,0)),1)&"g)","Not Achieved ("&ROUND(INDEX(Daily_Summary!$F:$F,MATCH($D10,Daily_Summary!$A:$A,0)),1)&"g)") -> Achieved (52.5g) | G10: =IF(INDEX(Daily_Summary!$G:$G,MATCH($D10,Daily_Summary!$A:$A,0))>=INDEX(User!$P:$P,MATCH($C10,User!$A:$A,0)),"Achieved ("&ROUND(INDEX(Daily_Summary!$G:$G,MATCH($D10,Daily_Summary!$A:$A,0)),1)&"g)","Not Achieved ("&ROUND(INDEX(Daily_Summary!$G:$G,MATCH($D10,Daily_Summary!$A:$A,0)),1)&"g)") -> Achieved (41.1g) | H10: =IF(INDEX(Daily_Summary!$H:$H,MATCH($D10,Daily_Summary!$A:$A,0))>=INDEX(User!$R:$R,MATCH($C10,User!$A:$A,0)),"Achieved ("&ROUND(INDEX(Daily_Summary!$H:$H,MATCH($D10,Daily_Summary!$A:$A,0)),1)&"g)","Not Achieved ("&ROUND(INDEX(Daily_Summary!$H:$H,MATCH($D10,Daily_Summary!$A:$A,0)),1)&"g)") -> Achieved (246.2g) | I10: =IF(INDEX(Daily_Summary!$I:$I,MATCH($D10,Daily_Summary!$A:$A,0))>=INDEX(User!$N:$N,MATCH($C10,User!$A:$A,0)),"Achieved ("&ROUND(INDEX(Daily_Summary!$I:$I,MATCH($D10,Daily_Summary!$A:$A,0)),1)&"kcal)","Not Achieved ("&ROUND(INDEX(Daily_Summary!$I:$I,MATCH($D10,Daily_Summary!$A:$A,0)),1)&"kcal)") -> Achieved (1851.3kcal)
A11: T0011 | B11: 46244 | C11: HM001 | D11: S011 | E11: =IF(INDEX(Daily_Summary!$E:$E,MATCH($D11,Daily_Summary!$A:$A,0))>=INDEX(User!$O:$O,MATCH($C11,User!$A:$A,0)),"Achieved ("&ROUND(INDEX(Daily_Summary!$E:$E,MATCH($D11,Daily_Summary!$A:$A,0)),1)&"g)","Not Achieved ("&ROUND(INDEX(Daily_Summary!$E:$E,MATCH($D11,Daily_Summary!$A:$A,0)),1)&"g)") -> Not Achieved (56.9g) | F11: =IF(INDEX(Daily_Summary!$F:$F,MATCH($D11,Daily_Summary!$A:$A,0))>=INDEX(User!$Q:$Q,MATCH($C11,User!$A:$A,0)),"Achieved ("&ROUND(INDEX(Daily_Summary!$F:$F,MATCH($D11,Daily_Summary!$A:$A,0)),1)&"g)","Not Achieved ("&ROUND(INDEX(Daily_Summary!$F:$F,MATCH($D11,Daily_Summary!$A:$A,0)),1)&"g)") -> Not Achieved (16.7g) | G11: =IF(INDEX(Daily_Summary!$G:$G,MATCH($D11,Daily_Summary!$A:$A,0))>=INDEX(User!$P:$P,MATCH($C11,User!$A:$A,0)),"Achieved ("&ROUND(INDEX(Daily_Summary!$G:$G,MATCH($D11,Daily_Summary!$A:$A,0)),1)&"g)","Not Achieved ("&ROUND(INDEX(Daily_Summary!$G:$G,MATCH($D11,Daily_Summary!$A:$A,0)),1)&"g)") -> Achieved (39.5g) | H11: =IF(INDEX(Daily_Summary!$H:$H,MATCH($D11,Daily_Summary!$A:$A,0))>=INDEX(User!$R:$R,MATCH($C11,User!$A:$A,0)),"Achieved ("&ROUND(INDEX(Daily_Summary!$H:$H,MATCH($D11,Daily_Summary!$A:$A,0)),1)&"g)","Not Achieved ("&ROUND(INDEX(Daily_Summary!$H:$H,MATCH($D11,Daily_Summary!$A:$A,0)),1)&"g)") -> Achieved (152.4g) | I11: =IF(INDEX(Daily_Summary!$I:$I,MATCH($D11,Daily_Summary!$A:$A,0))>=INDEX(User!$N:$N,MATCH($C11,User!$A:$A,0)),"Achieved ("&ROUND(INDEX(Daily_Summary!$I:$I,MATCH($D11,Daily_Summary!$A:$A,0)),1)&"kcal)","Not Achieved ("&ROUND(INDEX(Daily_Summary!$I:$I,MATCH($D11,Daily_Summary!$A:$A,0)),1)&"kcal)") -> Not Achieved (987.8kcal)
A12: T0012 | B12: 46245 | C12: HM001 | D12: S012 | E12: =IF(INDEX(Daily_Summary!$E:$E,MATCH($D12,Daily_Summary!$A:$A,0))>=INDEX(User!$O:$O,MATCH($C12,User!$A:$A,0)),"Achieved ("&ROUND(INDEX(Daily_Summary!$E:$E,MATCH($D12,Daily_Summary!$A:$A,0)),1)&"g)","Not Achieved ("&ROUND(INDEX(Daily_Summary!$E:$E,MATCH($D12,Daily_Summary!$A:$A,0)),1)&"g)") -> Achieved (131.3g) | F12: =IF(INDEX(Daily_Summary!$F:$F,MATCH($D12,Daily_Summary!$A:$A,0))>=INDEX(User!$Q:$Q,MATCH($C12,User!$A:$A,0)),"Achieved ("&ROUND(INDEX(Daily_Summary!$F:$F,MATCH($D12,Daily_Summary!$A:$A,0)),1)&"g)","Not Achieved ("&ROUND(INDEX(Daily_Summary!$F:$F,MATCH($D12,Daily_Summary!$A:$A,0)),1)&"g)") -> Achieved (58.8g) | G12: =IF(INDEX(Daily_Summary!$G:$G,MATCH($D12,Daily_Summary!$A:$A,0))>=INDEX(User!$P:$P,MATCH($C12,User!$A:$A,0)),"Achieved ("&ROUND(INDEX(Daily_Summary!$G:$G,MATCH($D12,Daily_Summary!$A:$A,0)),1)&"g)","Not Achieved ("&ROUND(INDEX(Daily_Summary!$G:$G,MATCH($D12,Daily_Summary!$A:$A,0)),1)&"g)") -> Achieved (54.6g) | H12: =IF(INDEX(Daily_Summary!$H:$H,MATCH($D12,Daily_Summary!$A:$A,0))>=INDEX(User!$R:$R,MATCH($C12,User!$A:$A,0)),"Achieved ("&ROUND(INDEX(Daily_Summary!$H:$H,MATCH($D12,Daily_Summary!$A:$A,0)),1)&"g)","Not Achieved ("&ROUND(INDEX(Daily_Summary!$H:$H,MATCH($D12,Daily_Summary!$A:$A,0)),1)&"g)") -> Achieved (299.8g) | I12: =IF(INDEX(Daily_Summary!$I:$I,MATCH($D12,Daily_Summary!$A:$A,0))>=INDEX(User!$N:$N,MATCH($C12,User!$A:$A,0)),"Achieved ("&ROUND(INDEX(Daily_Summary!$I:$I,MATCH($D12,Daily_Summary!$A:$A,0)),1)&"kcal)","Not Achieved ("&ROUND(INDEX(Daily_Summary!$I:$I,MATCH($D12,Daily_Summary!$A:$A,0)),1)&"kcal)") -> Achieved (2253.3kcal)
A13: T0013 | B13: 46246 | C13: HM001 | D13: S013 | E13: =IF(INDEX(Daily_Summary!$E:$E,MATCH($D13,Daily_Summary!$A:$A,0))>=INDEX(User!$O:$O,MATCH($C13,User!$A:$A,0)),"Achieved ("&ROUND(INDEX(Daily_Summary!$E:$E,MATCH($D13,Daily_Summary!$A:$A,0)),1)&"g)","Not Achieved ("&ROUND(INDEX(Daily_Summary!$E:$E,MATCH($D13,Daily_Summary!$A:$A,0)),1)&"g)") -> Achieved (139.6g) | F13: =IF(INDEX(Daily_Summary!$F:$F,MATCH($D13,Daily_Summary!$A:$A,0))>=INDEX(User!$Q:$Q,MATCH($C13,User!$A:$A,0)),"Achieved ("&ROUND(INDEX(Daily_Summary!$F:$F,MATCH($D13,Daily_Summary!$A:$A,0)),1)&"g)","Not Achieved ("&ROUND(INDEX(Daily_Summary!$F:$F,MATCH($D13,Daily_Summary!$A:$A,0)),1)&"g)") -> Achieved (68.7g) | G13: =IF(INDEX(Daily_Summary!$G:$G,MATCH($D13,Daily_Summary!$A:$A,0))>=INDEX(User!$P:$P,MATCH($C13,User!$A:$A,0)),"Achieved ("&ROUND(INDEX(Daily_Summary!$G:$G,MATCH($D13,Daily_Summary!$A:$A,0)),1)&"g)","Not Achieved ("&ROUND(INDEX(Daily_Summary!$G:$G,MATCH($D13,Daily_Summary!$A:$A,0)),1)&"g)") -> Achieved (65.2g) | H13: =IF(INDEX(Daily_Summary!$H:$H,MATCH($D13,Daily_Summary!$A:$A,0))>=INDEX(User!$R:$R,MATCH($C13,User!$A:$A,0)),"Achieved ("&ROUND(INDEX(Daily_Summary!$H:$H,MATCH($D13,Daily_Summary!$A:$A,0)),1)&"g)","Not Achieved ("&ROUND(INDEX(Daily_Summary!$H:$H,MATCH($D13,Daily_Summary!$A:$A,0)),1)&"g)") -> Achieved (266.8g) | I13: =IF(INDEX(Daily_Summary!$I:$I,MATCH($D13,Daily_Summary!$A:$A,0))>=INDEX(User!$N:$N,MATCH($C13,User!$A:$A,0)),"Achieved ("&ROUND(INDEX(Daily_Summary!$I:$I,MATCH($D13,Daily_Summary!$A:$A,0)),1)&"kcal)","Not Achieved ("&ROUND(INDEX(Daily_Summary!$I:$I,MATCH($D13,Daily_Summary!$A:$A,0)),1)&"kcal)") -> Achieved (2243.5kcal)
... A375: T0375 | B375: 46256 | C375: HM017 | D375: S375 | E375: =IF(INDEX(Daily_Summary!$E:$E,MATCH($D375,Daily_Summary!$A:$A,0))>=INDEX(User!$O:$O,MATCH($C375,User!$A:$A,0)),"Achieved ("&ROUND(INDEX(Daily_Summary!$E:$E,MATCH($D375,Daily_Summary!$A:$A,0)),1)&"g)","Not Achieved ("&ROUND(INDEX(Daily_Summary!$E:$E,MATCH($D375,Daily_Summary!$A:$A,0)),1)&"g)") -> Not Achieved (34.9g) | F375: =IF(INDEX(Daily_Summary!$F:$F,MATCH($D375,Daily_Summary!$A:$A,0))>=INDEX(User!$Q:$Q,MATCH($C375,User!$A:$A,0)),"Achieved ("&ROUND(INDEX(Daily_Summary!$F:$F,MATCH($D375,Daily_Summary!$A:$A,0)),1)&"g)","Not Achieved ("&ROUND(INDEX(Daily_Summary!$F:$F,MATCH($D375,Daily_Summary!$A:$A,0)),1)&"g)") -> Achieved (8.4g) | G375: =IF(INDEX(Daily_Summary!$G:$G,MATCH($D375,Daily_Summary!$A:$A,0))>=INDEX(User!$P:$P,MATCH($C375,User!$A:$A,0)),"Achieved ("&ROUND(INDEX(Daily_Summary!$G:$G,MATCH($D375,Daily_Summary!$A:$A,0)),1)&"g)","Not Achieved ("&ROUND(INDEX(Daily_Summary!$G:$G,MATCH($D375,Daily_Summary!$A:$A,0)),1)&"g)") -> Achieved (39.6g) | H375: =IF(INDEX(Daily_Summary!$H:$H,MATCH($D375,Daily_Summary!$A:$A,0))>=INDEX(User!$R:$R,MATCH($C375,User!$A:$A,0)),"Achieved ("&ROUND(INDEX(Daily_Summary!$H:$H,MATCH($D375,Daily_Summary!$A:$A,0)),1)&"g)","Not Achieved ("&ROUND(INDEX(Daily_Summary!$H:$H,MATCH($D375,Daily_Summary!$A:$A,0)),1)&"g)") -> Achieved (149.2g) | I375: =IF(INDEX(Daily_Summary!$I:$I,MATCH($D375,Daily_Summary!$A:$A,0))>=INDEX(User!$N:$N,MATCH($C375,User!$A:$A,0)),"Achieved ("&ROUND(INDEX(Daily_Summary!$I:$I,MATCH($D375,Daily_Summary!$A:$A,0)),1)&"kcal)","Not Achieved ("&ROUND(INDEX(Daily_Summary!$I:$I,MATCH($D375,Daily_Summary!$A:$A,0)),1)&"kcal)") -> Not Achieved (812.7kcal)
